,phik,pearson,accuracy,f1_score
0,-,-,0.19561971129915381,0.17107923546255308
