,phik,pearson,accuracy,f1_score
0,-,-,0.4886609071274298,0.476078965567201
