,phik,pearson,accuracy,f1_score
0,-,-,0.24041811846689895,0.19819943536018442
