,phik,pearson,accuracy,f1_score
0,0.022581920526488077,0.015648602838997848,-,-
