,phik,pearson,accuracy,f1_score
0,-,-,0.25323974082073436,0.21178497913816355
