,phik,pearson,accuracy,f1_score
0,-,-,0.4912891986062718,0.49046089856856395
