,phik,pearson,accuracy,f1_score
0,-,-,0.20464362850971923,0.18216097545211468
