,phik,pearson,accuracy,f1_score
0,0.1918690286926714,0.08947488694076297,-,-
