,phik,pearson,accuracy,f1_score
0,-,-,0.11393088552915767,0.043867513946205736
