,phik,pearson,accuracy,f1_score
0,0.39598162610319004,0.26187364668584606,-,-
