,phik,pearson,accuracy,f1_score
0,-,-,0.04430064708810354,0.05075202929423773
