,phik,pearson,accuracy,f1_score
0,0.38685011271940895,0.2556810371523633,-,-
