,phik,pearson,accuracy,f1_score
0,0.03329905751910318,0.060205969291965734,-,-
