,phik,pearson,accuracy,f1_score
0,-,-,0.05939524838012959,0.03656811740200367
