,phik,pearson,accuracy,f1_score
0,-,-,0.07914385266301642,0.06991983354134892
