,phik,pearson,accuracy,f1_score
0,-,-,0.714902807775378,0.5813592671937693
