,phik,pearson,accuracy,f1_score
0,-,-,0.4609258337481334,0.31550255536626914
