,phik,pearson,accuracy,f1_score
0,0.06783664463997507,0.09330160741595994,-,-
