,phik,pearson,accuracy,f1_score
0,0.12293289487264626,0.08616232288021768,-,-
