,phik,pearson,accuracy,f1_score
0,-,-,0.46291687406669985,0.19182926203904035
