,phik,pearson,accuracy,f1_score
0,-,-,0.03725701943844492,0.02640274001803983
