,phik,pearson,accuracy,f1_score
0,-,-,0.5485961123110151,0.20323392022996764
