,phik,pearson,accuracy,f1_score
0,-,-,0.10801393728222997,0.05879794263327255
