,phik,pearson,accuracy,f1_score
0,-,-,0.605276256844201,0.5028185237695035
