,phik,pearson,accuracy,f1_score
0,-,-,0.31965442764578833,0.24280713504168341
