,phik,pearson,accuracy,f1_score
0,0.06257394398816561,0.02587574560657592,-,-
