,phik,pearson,accuracy,f1_score
0,0.13380676620943188,0.12496972390787625,-,-
