,phik,pearson,accuracy,f1_score
0,-,-,0.6544276457883369,0.32879887164467964
