,phik,pearson,accuracy,f1_score
0,-,-,0.437033349925336,0.19647284991855188
