,phik,pearson,accuracy,f1_score
0,-,-,0.24298056155507558,0.11559707031891482
