,phik,pearson,accuracy,f1_score
0,-,-,0.6824290691886511,0.3661126967537717
