,phik,pearson,accuracy,f1_score
0,0.3077416332589033,0.20150324720219873,-,-
