,phik,pearson,accuracy,f1_score
0,-,-,0.48542116630669546,0.4826723147165956
