,phik,pearson,accuracy,f1_score
0,0.5329019322801238,0.37260875592161563,-,-
