,phik,pearson,accuracy,f1_score
0,-,-,0.4821814254859611,0.47916245726201845
