,phik,pearson,accuracy,f1_score
0,0.26127904351440273,0.17096999370515523,-,-
