,phik,pearson,accuracy,f1_score
0,0.10236047744675948,0.14528438418160716,-,-
