,phik,pearson,accuracy,f1_score
0,0.21086410886158238,0.2844562294120915,-,-
