,phik,pearson,accuracy,f1_score
0,-,-,0.47884519661523145,0.35718483407977186
