,phik,pearson,accuracy,f1_score
0,-,-,0.5445495271279244,0.5110303359175188
