,phik,pearson,accuracy,f1_score
0,-,-,0.06918865107018417,0.055113386514270536
