,phik,pearson,accuracy,f1_score
0,-,-,0.07721382289416846,0.05488836363602044
