,phik,pearson,accuracy,f1_score
0,-,-,0.04427645788336933,0.04684188934733462
