,phik,pearson,accuracy,f1_score
0,-,-,0.04373650107991361,0.04498802003114728
