,phik,pearson,accuracy,f1_score
0,0.31409454212376664,0.4192605475895287,-,-
