,phik,pearson,accuracy,f1_score
0,-,-,0.2867098058735689,0.1578278807189945
