,phik,pearson,accuracy,f1_score
0,0.7792077167182767,0.5700764815388015,-,-
