,phik,pearson,accuracy,f1_score
0,0.31901870940038396,0.4446068435115208,-,-
