,phik,pearson,accuracy,f1_score
0,0.14821600584630448,0.10041938408020624,-,-
