,phik,pearson,accuracy,f1_score
0,0.631562413446458,0.48060404987597655,-,-
