,phik,pearson,accuracy,f1_score
0,0.376040323219847,0.5232236225936585,-,-
