,phik,pearson,accuracy,f1_score
0,-,-,0.35043196544276456,0.307921197133594
