,phik,pearson,accuracy,f1_score
0,-,-,0.18142548596112312,0.14635399895534856
