,phik,pearson,accuracy,f1_score
0,-,-,0.3743155798904928,0.23907734323231902
