,phik,pearson,accuracy,f1_score
0,0.6733372274082917,0.4722549563304709,-,-
