,phik,pearson,accuracy,f1_score
0,-,-,0.7854654056744649,0.7801632858451834
