,phik,pearson,accuracy,f1_score
0,0.05524715177339437,0.04334487779568759,-,-
