,phik,pearson,accuracy,f1_score
0,0.17945805767454054,0.11914178158665492,-,-
