,phik,pearson,accuracy,f1_score
0,-,-,0.5664509706321553,0.5452276345113021
