,phik,pearson,accuracy,f1_score
0,0.2138245229557786,0.283825671600977,-,-
