,phik,pearson,accuracy,f1_score
0,-,-,0.05674464907914385,0.067849161511556
