,phik,pearson,accuracy,f1_score
0,0.596988546273842,0.48258047895680806,-,-
