,phik,pearson,accuracy,f1_score
0,-,-,0.07320717131474104,0.08351080672509242
