,phik,pearson,accuracy,f1_score
0,-,-,0.2294816414686825,0.20959783215108133
