,phik,pearson,accuracy,f1_score
0,-,-,0.7845572354211663,0.710009838382879
