,phik,pearson,accuracy,f1_score
0,0.07285338841335738,0.053086195640833785,-,-
